﻿<krpano version="1.19" title="我是中文字">

	<include url="skin/vtourskin.xml" />


	<!-- customize skin settings: maps, gyro, webvr, thumbnails, tooltips, layout, design, ... -->
	<skin_settings maps="false"
	               maps_type="google"
	               maps_bing_api_key=""
	               maps_google_api_key=""
	               maps_zoombuttons="false"
	               gyro="true"
	               webvr="true"
	               webvr_gyro_keeplookingdirection="false"
	               webvr_prev_next_hotspots="true"
	               littleplanetintro="true"
	               title="true"
	               thumbs="true"
	               thumbs_width="120" thumbs_height="80" thumbs_padding="10" thumbs_crop="0|40|240|160"
	               thumbs_opened="false"
	               thumbs_text="false"
	               thumbs_dragging="true"
	               thumbs_onhoverscrolling="false"
	               thumbs_scrollbuttons="false"
	               thumbs_scrollindicator="false"
	               thumbs_loop="false"
	               tooltips_buttons="false"
	               tooltips_thumbs="false"
	               tooltips_hotspots="false"
	               tooltips_mapspots="false"
	               deeplinking="false"
	               loadscene_flags="MERGE"
	               loadscene_blend="OPENBLEND(0.5, 0.0, 0.75, 0.05, linear)"
	               loadscene_blend_prev="SLIDEBLEND(0.5, 180, 0.75, linear)"
	               loadscene_blend_next="SLIDEBLEND(0.5,   0, 0.75, linear)"
	               loadingtext="加载时的提示..."
	               layout_width="100%"
	               layout_maxwidth="814"
	               controlbar_width="-24"
	               controlbar_height="40"
	               controlbar_offset="20"
	               controlbar_offset_closed="-40"
	               controlbar_overlap.no-fractionalscaling="10"
	               controlbar_overlap.fractionalscaling="0"
	               design_skin_images="vtourskin.png"
	               design_bgcolor="0x2D3E50"
	               design_bgalpha="0.8"
	               design_bgborder="0"
	               design_bgroundedge="1"
	               design_bgshadow="0 4 10 0x000000 0.3"
	               design_thumbborder_bgborder="3 0xFFFFFF 1.0"
	               design_thumbborder_padding="2"
	               design_thumbborder_bgroundedge="0"
	               design_text_css="color:#FFFFFF; font-family:Arial;"
	               design_text_shadow="1"
	               />

	<!--
	    For an alternative skin design either change the <skin_settings> values 
	    from above or optionally include one of the predefined designs from below.
	-->
	<!-- <include url="skin/vtourskin_design_flat_light.xml"  /> -->
	<!-- <include url="skin/vtourskin_design_glass.xml"       /> -->
	<!-- <include url="skin/vtourskin_design_ultra_light.xml" /> -->
	<!-- <include url="skin/vtourskin_design_117.xml"         /> -->
	<!-- <include url="skin/vtourskin_design_117round.xml"    /> -->
	<!-- <include url="skin/vtourskin_design_black.xml"       /> -->


	<!-- startup action - load the first scene -->
	<action name="startup" autorun="onstart">
		if(startscene === null OR !scene[get(startscene)], copy(startscene,scene[0].name); );
		loadscene(get(startscene), null, MERGE);
		if(startactions !== null, startactions() );
	</action>
	
	

	
	<scene name="scene_room1" title="room1" onstart="" thumburl="panos/room1.tiles/thumb.jpg" lat="" lng="" heading="">

		<view hlookat="-76.585" vlookat="4.335" fovtype="MFOV" fov="120.000" maxpixelzoom="2.0" fovmin="70" fovmax="140" limitview="auto" />

		<preview url="panos/room1.tiles/preview.jpg" />

		<image>
			<cube url="panos/room1.tiles/pano_%s.jpg" />
		</image>
		<hotspot name='spot2' style='skin_hotspotstyle' ath='-88.000' atv='16.000' linkedscene='scene_room2' />
		<hotspot name="spot5" style="skin_hotspotstyle" ath="164.216" atv="16.898" linkedscene="scene_xuedi" />
	</scene>

	<scene name="scene_room2" title="room2" onstart="" thumburl="panos/room2.tiles/thumb.jpg" lat="" lng="" heading="">

		<view hlookat="0.0" vlookat="0.0" fovtype="MFOV" fov="120" maxpixelzoom="2.0" fovmin="70" fovmax="140" limitview="auto" />

		<preview url="panos/room2.tiles/preview.jpg" />

		<image>
			<cube url="panos/room2.tiles/pano_%s.jpg" />
		</image>
		<hotspot name='spot2' style='skin_hotspotstyle' ath='0' atv='16' linkedscene='scene_timg' />
	</scene>

	<scene name="scene_timg" title="timg" onstart="" thumburl="panos/timg.tiles/thumb.jpg" lat="" lng="" heading="">

		<view hlookat="0.0" vlookat="0.0" fovtype="MFOV" fov="120" maxpixelzoom="2.0" fovmin="70" fovmax="140" limitview="auto" />

		<preview url="panos/timg.tiles/preview.jpg" />

		<image>
			<cube url="panos/timg.tiles/pano_%s.jpg" />
		</image>
		<hotspot name="spot4" style="skin_hotspotstyle" ath="6.818" atv="3.834" linkedscene="scene_xuedi" />

	</scene>

	<scene name="scene_xuedi" title="xuedi" onstart="" thumburl="panos/xuedi.tiles/thumb.jpg" lat="" lng="" heading="">

		<view hlookat="0.0" vlookat="0.0" fovtype="MFOV" fov="120" maxpixelzoom="2.0" fovmin="70" fovmax="140" limitview="auto" />

		<preview url="panos/xuedi.tiles/preview.jpg" />

		<image>
			<cube url="panos/xuedi.tiles/pano_%s.jpg" />
		</image>

	</scene>


</krpano>
