﻿<krpano version="1.19" title="我是中文字">

	<!--
	    For an alternative skin design either change the <skin_settings> values 
	    from above or optionally include one of the predefined designs from below.
	-->
	<!-- 导航栏 -->
	<include url="skin/vtourskin.xml" />
	<!-- 自定义缩列图 -->
	<include url='skin/panowraper.xml' />
	<!-- 自定义导航栏 -->
	<include url='skin/customizeNav.xml' />
	<!-- 自定义按钮 -->
	<include url='skin/mackbtn.xml' />

	
	<!-- gyro plugin  陀螺插件-->
	<plugin name="skin_gyro"
        url="%SWFPATH%/plugins/gyro2.js"
        keep="true"
        devices="tablet|mobile"
        onavailable="delayedcall(0.5, checkGyroAvailability(););"     
        enabled="false"
        />



	<!-- 加载条 -->
	<!-- <include url='skin/loadingbar.xml' /> -->
	
	<!-- customize skin settings: maps, gyro, webvr, thumbnails, tooltips, layout, design, ... -->
	<skin_settings maps="false"
	               maps_type="google"
	               maps_bing_api_key=""
	               maps_google_api_key=""
	               maps_zoombuttons="false"
	               gyro="true"
	               webvr="true"
	               webvr_gyro_keeplookingdirection="false"
	               webvr_prev_next_hotspots="true"
	               littleplanetintro="true"
	               title="true"
	               thumbs="true"
	               thumbs_width="120" thumbs_height="80" thumbs_padding="10" thumbs_crop="0|40|240|160"
	               thumbs_opened="false"
	               thumbs_text="false"
	               thumbs_dragging="true"
	               thumbs_onhoverscrolling="false"
	               thumbs_scrollbuttons="false"
	               thumbs_scrollindicator="false"
	               thumbs_loop="false"
	               tooltips_buttons="false"
	               tooltips_thumbs="false"
	               tooltips_hotspots="false"
	               tooltips_mapspots="false"
	               deeplinking="false"
	               loadscene_flags="MERGE"
	               loadscene_blend="OPENBLEND(0.5, 0.0, 0.75, 0.05, linear)"
	               loadscene_blend_prev="SLIDEBLEND(0.5, 180, 0.75, linear)"
	               loadscene_blend_next="SLIDEBLEND(0.5,   0, 0.75, linear)"
	               loadingtext="加载中..."
	               layout_width="100%"
	               layout_maxwidth="814"
	               controlbar_width="-24"
	               controlbar_height="40"
	               controlbar_offset="20"
	               controlbar_offset_closed="-40"
	               controlbar_overlap.no-fractionalscaling="10"
	               controlbar_overlap.fractionalscaling="0"
	               design_skin_images="vtourskin.png"
	               design_bgcolor="0x2D3E50"
	               design_bgalpha="0.8"
	               design_bgborder="0"
	               design_bgroundedge="1"
	               design_bgshadow="0 4 10 0x000000 0.3"
	               design_thumbborder_bgborder="3 0xFFFFFF 1.0"
	               design_thumbborder_padding="2"
	               design_thumbborder_bgroundedge="0"
	               design_text_css="color:#FFFFFF; font-family:Arial;"
	               design_text_shadow="1"
				   activeCss="
					inset: 200px auto auto -4px;
					display: block;
					width: auto;
					min-width: 40px;
					height: 26px;
					line-height: 26px;
					margin: 0;
					padding: 0 10px;
					text-align: center;
					font-size: 12px;
					color: white;
					pointer-events: all;
					box-shadow: 0px 2px 2px 0px rgba(20,12,4,0.5);
					border: 1px solid rgba(255, 235, 219, 0.8);
					background: linear-gradient(137deg, rgba(255,235,219,0.6), rgba(167,130,101,0.6));
					border-radius: 0px 26px 26px 0px; 
					"
				   defaultCss="
					inset: 200px auto auto -4px;
					display: block;
					width: auto;
					min-width: 40px;
					height: 26px;
					line-height: 26px;
					margin: 0;
					padding: 0 10px;
					text-align: center;
					font-size: 12px;
					color: white;
					pointer-events: all;
					box-shadow: 0px 2px 2px 0px rgba(20,12,4,0.5);
					border: 1px solid rgba(255, 235, 219, 0.8);
					background: rgba(0, 0, 0, 0.6);
					border-radius: 0px 26px 26px 0px; 
					"
				   defaultcolorstyle='display:block
					font-size: 12px;
					color: #fff;
					text-align: center;
					transform: scale(0.84);'
					prevName1='quwei_img'
					prevName2='quwei_text'
					prevpano1='thumb1_img'
					prevpano2='thumb1img_text'
					
	/>

	
	

	

	<!-- 重置热点样式 给选中热点选中样式-->
	<action name='activMapHotspot'>
		<!-- 利用判断提升性能  介绍切换url的次数 -->
		if(get(layer[mapSpot1].url)=='skin/vtourskin_mapspot.png','',set(layer[mapSpot1].url,'skin/vtourskin_mapspot.png'));
		if(get(layer[mapSpot2].url)=='skin/vtourskin_mapspot.png','',set(layer[mapSpot2].url,'skin/vtourskin_mapspot.png'));
		if(get(layer[mapSpot3].url)=='skin/vtourskin_mapspot.png','',set(layer[mapSpot3].url,'skin/vtourskin_mapspot.png'));
		if(get(layer[mapSpot4].url)=='skin/vtourskin_mapspot.png','',set(layer[mapSpot4].url,'skin/vtourskin_mapspot.png'));

		set(layer[%1].url,'skin/vtourskin_mapspotactive.png')
	</action>
	<!-- 收缩平面图 -->
	<action name="shrinkMap">
		if(layer[mapcontainer].scale==0.4,tween(layer[mapcontainer].scale,1),tween(layer[mapcontainer].scale,0.4))
	</action>   
	<!--地图雷达切换-->
	<action name='activatespot'>
		copy(layer[radar].x,layer[%1].x);
		copy(layer[radar].y,layer[%1].y);

		set(layer[radar].heading,%2);

		set(layer[radar].visible,true);

	</action>
	<!-- 缩略平面图 -->
	<layer name="mapcontainer" keep="true" type="container" bgcolor="0x000000" bgalpha="0.5" align="lefttop" x="10" y="10" width="180" height="430" scalechildren="true" scale="0.4">
		<!--插入地图图片	-->
		<layer name="map" url="skin/map.png" align="center" x="0" y="0" width="" height="" handcursor="false"  onclick="shrinkMap()">
			<!--引入地图雷达插件-->
			<layer name="radar" visible="true"
				url="plugins/radar.swf" alturl="plugins/radar.js"
				align="lefttop" edge="center" zorder="1"
				scale="0.4"
				fillcolor="0xFFFFFF" fillalpha="0.4"
				linecolor="0x3399FF" linewidth="1" linealpha="1"
				headingoffset="0"
				/>
			<!--插入热点-->
			<layer name="mapSpot1" scale='0.4' url="skin/vtourskin_mapspot.png"  align="lefttop" edge="center" x="123" y="58" zorder="2" onclick="loadscene(scene_room1, null, MERGE, BLEND(1));" />
			<layer name="mapSpot2" scale='0.4' url="skin/vtourskin_mapspot.png"  align="lefttop" edge="center" x="86" y="261" zorder="2" onclick="loadscene(scene_room2, null, MERGE, BLEND(1));" />
			<layer name="mapSpot3" scale='0.4' url="skin/vtourskin_mapspot.png"  align="lefttop" edge="center" x="100" y="334" zorder="2" onclick="loadscene(scene_timg, null, MERGE, BLEND(1));" />
			<layer name="mapSpot4" scale='0.4' url="skin/vtourskin_mapspot.png"  align="lefttop" edge="center" x="86" y="200" zorder="2" onclick="loadscene(scene_xuedi, null, MERGE, BLEND(1));" />

		</layer>
	</layer>



<!--  启动画面开始  -->
	<layer name="startpic_container" 
		url.normal="panos/begin/intro.jpg"
		url.mobile="panos/begin/intro.jpg"
		preload="true"
		handcursor="false"
		enabled="true"
		children="true"
		visible=""
		zorder="100"
		maskchildren="true"
		keep="true"
		width="100%"
		height="100%" 
	>
		<layer name="skin_title_logo3"
			zorder="101"
			keep="true"
			x="0"
			y="20%"
			align="center"
			url="panos/begin/navi.png"
			scale.normal="0.9"
			scale.mobile="0.5"
			alpha="0"
			onloaded="tween(alpha,1.0);tween(layer[skin_title_pr].alpha,1.0);"
			onclick="tween(layer[startpic_container].ox,-2500,1);
				delayedcall(1,set(layer[startpic_container].enabled,false);
				set(layer[startpic_container].visible,false));
				stopdelayedcall(startpic1);stopdelayedcall(startpic2);"
			onover="stoptween(alpha);set(alpha,1);"
			onout="tweenintrobuttonalpha(0.35);"
			enabled="false" />
	</layer>
 
	<action name="tweenintrobuttonalpha" >
		if(%1 == 0.35,set(alphavalue,1),set(alphavalue,0.35));
		tween(layer[skin_title_logo3].alpha,%1,1,default,tweenintrobuttonalpha(get(alphavalue)));
	</action>
 
	<events name="startlogoevents" keep="true"
		onloadcomplete="
			set(layer[skin_title_logo3].enabled,true);
			set(layer[skin_title_logo3].visible,true);
			tweenintrobuttonalpha(1);
			"
		onnewpano="
		set(layer[navi_title].visible,false);
		set(layer[navi_title].visible,true);" 
		
		onresize="
			if(stagewidth GT stageheight,
			set(layer[intro_jpg].url,img/intro.jpg),
			set(layer[intro_jpg].url,img/intro_1.jpg)
			);
		
		"   
	/>
             
<!-- 启动画面结束 -->



	<!-- 导航皮肤 -->
	<!-- 正方灰色 -->
	<!-- <include url="skin/vtourskin_design_flat_light.xml"  /> -->
	<!-- 圆角半透底白字幼圆 -->
	<include url="skin/vtourskin_design_glass.xml"       />
	<!-- 简洁透明 白字 底线 -->
	<!-- <include url="skin/vtourskin_design_ultra_light.xml" /> -->
	<!-- 整行 上下白线 半透黑底色 -->
	<!-- <include url="skin/vtourskin_design_117.xml"         /> -->
	<!-- 圆角半透黑 -->
	<!-- <include url="skin/vtourskin_design_117round.xml"    /> -->
	<!-- 整行 黑底色 -->
	<!-- <include url="skin/vtourskin_design_black.xml"       /> -->
	


	<!-- 隐藏热点 -->
	<action name="hideBox">
		tween(%1.alpha,0,0.5);
		wait(0);
		set(%1.visible,true);
	</action>
	<!-- 显示热点 -->
	<action name="showBox">
		set(%1.alpha,0);
		set(%1.visible,true);
		tween(%1.alpha,1,0.5);
		tween(%1.scale,1,0.5,easeOutBack);
	</action>
	

	
	<!-- 视野跟随鼠标移动 -->
	<action name="control_startup" autorun="onstart">  
		set(control.mouse, moveto);  
		set(control.touch, moveto);  
	</action>

	<!-- 鼠标抓取图片移动 -->
	<action name="control_startup" autorun="onstart">  
		set(control.mouse, drag);  
		set(control.touch, drag);  
	</action>

	<!-- 背景音乐 -->
	<plugin name="soundinterface"
		url.flash="%SWFPATH%/plugins/soundinterface.swf"
		url.html5="%SWFPATH%/plugins/soundinterface.js"
		rootpath=""
		preload="true"
		keep="true"
    />
	<!-- <action name="bgsnd_action" autorun="onstart">
   		playsound(bgsnd, 'backgroundmusic.mp3', 10);
	</action> -->

	<!-- startup action - load the first scene -->
	<action name="startup" autorun="onstart">
		if(startscene === null OR !scene[get(startscene)], copy(startscene,scene[0].name); );
		loadscene(get(startscene), null, MERGE);
		playsound(bgsnd, 'backgroundmusic.mp3', 10);
		if(startactions !== null, startactions() );
	</action>
	
	<!-- 全景漫游播放 -->
	<autorotate enabled='false' waittime='0.3' accel='1.0' speed='10.0' horizon='0.0' tofov='90' />
	<!-- 循环播放  间隔时间10秒 -->
	<!-- <events onnewpano='delayedcall(autoscene,10,nextscene);' onremovepano='stopdelayedcall(autoscene)' /> -->
	<!-- 旋转后自动切换场景 -->
	<action name="nextscene">
		add(newsceneindex, scene[get(xml.scene)].index, 1);
		if(newsceneindex LT scene.count, loadscene(get(scene[get(newsceneindex)].name), null, MERGE, BLEND(0.5)););
			update_button_states();
	</action>



	<!-- 定义热点风格 - 飞机热点的style 因为需要用到crop来进行动画，所以列出了png图片宽度、高度、第一帧开始位置也就是0，以及最后一帧也就是19，onloaded也就是载入后执行一个动画的action--> 
	<style name="new_spotd11_gif" 
		url="hotspot/new_spotd11_gif.png" 
		crop="0|0|128|128" 
		framewidth="128" frameheight="128" frame="0" lastframe="19" 
		onloaded="hotspot_animate();" 
	/> 

	<!-- 定义热点风格 - 动圈热点的style 因为需要用到crop来进行动画，所以列出了png图片宽度、高度、第一帧开始位置也就是0，以及最后一帧也就是19，onloaded也就是载入后执行一个动画的action--> 
	<style name="hotspot_ani_black" 
		url="hotspot/spotd2_gif.png" 
		crop="0|0|128|128" 
		framewidth="128" frameheight="128" frame="0" lastframe="19" 
		onloaded="hotspot_animate();" 
	/> 

	<!-- 定义按钮样式--> 
	<style name="buttonStyle" 
		url="%SWFPATH%/plugins/textfield.swf"
		css="
			inset: 200px auto auto -4px;
			display: block;
			width: auto;
			min-width: 40px;
			height: 26px;
			line-height: 26px;
			margin: 0;
			padding: 0 10px;
			text-align: center;
			font-size: 12px;
			color: white;
			pointer-events: all;
			box-shadow: 0px 2px 2px 0px rgba(20,12,4,0.5);
			border: 1px solid rgba(255, 235, 219, 0.8);
			background: rgba(0, 0, 0, 0.6);
			border-radius: 0px 26px 26px 0px; 
			"
		align="left"
		x="-1px" 
		x.mobile='-3px'
		background='transparent'
		alpha="1" 
		distorted="true"
		loader_alternative=""
		scaleflying="true"
		tx="0"
		ty="0"
		tz="0"
		bgroundedge="8"
		enabled="true"
	/>
	<action name="static">
		hideBox(hotspot[spt1]);
		showBox(hotspot[tempStatic]);
		showBox(hotspot[tempStatictext]);
		hideBox(hotspot[s]);
		<!-- activbuttonStyle -->

		set(layer[moveLayer].css,get(skin_settings.defaultCss));
		set(layer[staticLayer].css,get(skin_settings.activeCss));

	</action>
	<action name="moving">
		showBox(hotspot[spt1]);
		hideBox(hotspot[tempStatic]);
		hideBox(hotspot[tempStatictext]);
		showBox(hotspot[s]);
		set(layer[staticLayer].css,get(skin_settings.defaultCss));
		set(layer[moveLayer].css,get(skin_settings.activeCss));
	</action>
		
	<!-- 静动态文件夹 -->
	<layer name="moveLayer"
		style='buttonStyle'
		scale="1" 
		html="[font]动态热点[/font]" 
		y="-36%"
		y.mobile='-36%'
		onclick="moving"
		 keep="true"
		/>
	<layer name="staticLayer"
		style='buttonStyle'
		html="[font]静态热点[/font]" 
		scale="1"
		y="-32%"
		y.mobile='-30%'
		onclick='static'
		 keep="true"
		/>
	
	
	<!-- 热点动画action，每隔0.03秒改变crop的内容，从而实现动画效果，inc是一个每次递增指定数值的方法，这里是让frame这个变量每次增加1，当到达19时，则从0又开始递增。mul是乘法运算，将高度乘以当前帧序号，得到crop中y的位置。txtadd对crop的内容进行了设定。因为每一次ypos的值都会发生变化，所以crop中所显示的内容也发生变化。最后是0.03秒后再次执行自身。 --> 
	<action name="hotspot_animate"> 
		inc(frame,1,get(lastframe),0); 
		mul(ypos,frame,frameheight); 
		txtadd(crop,'0|',get(ypos),'|',get(framewidth),'|',get(frameheight)); 
		delayedcall(0.03, if(loaded, hotspot_animate() ) ); 
	</action>


	<!-- <action name="weibo">
		txtadd(weibo_share,'http://service.weibo.com/share/share.php?url=',get(skin_settings.selfurl),type=button;language=zh_cn;title='全景展示' source=get(skin_settings.selfurl) pic=get(skin_settings.selflogourl));
	</action> -->
	<!-- <action name="normalview">
		tween(view.hlookat, -40, 2.5, easeInOutQuad);
		tween(view.vlookat, -35, 2.5, easeInOutQuad);
		tween(view.fov,     85,  2.5, easeInOutQuad);
		tween(view.fisheye, 0.0, 2.5, easeInOutQuad);
		set(display.flash10, on);
	</action> -->
	<action name='change1'>
		activatespot(mapSpot1,0);
		set(layer[mapcontainer].visible,false);
		set(layer[moveLayer].visible,true);
		set(layer[staticLayer].visible,true);
		tween(layer[navItem].height,144px,0.3);
		tween(layer[index_button].scale,0.4,0.3);
		tween(layer[phone_button].scale,0.4,0.3);
		tween(layer[index_button].y,6%,0.3);
		tween(layer[music_button].y,30%,0.3);
		tween(layer[auto_button].y,53%,0.3);
		tween(layer[phone_button].y,76%,0.3);
		set(layer[index_button].crop,64|0|64|64);
		set(layer[index_button].onclick,openNav);
	</action>
	<scene name="scene_room1" title="room1" onstart="change1();" thumburl="panos/room1.tiles/thumb.jpg" lat="" lng="" heading="">
		<view hlookat="-76.585"
		vlookat="4.335"
		fovtype="MFOV"
		fov="120.000"
		maxpixelzoom="2.0"
		fovmin="70"
		fovmax="140"
		limitview="auto" />
		<preview url="panos/room1.tiles/preview.jpg" />

		<image>
			<cube url="panos/room1.tiles/pano_%s.jpg" />
		</image>

		<hotspot name='spot2'  style='skin_hotspotstyle' blend="BLEND(1.0, easeInCubic)" ath='-88.000' atv='16.000' linkedscene="scene_room2" />
		<hotspot name="spot5" style="skin_hotspotstyle" ath="164.216" atv="16.898" linkedscene="scene_xuedi" />
		<hotspot name="tempStatic" scale='1'  ath="-115" atv="-16" linkedscene="scene_xuedi" url='hotspot/hs_photo.png' />
		<hotspot name="tempStatictext" scale='1'  ath="-40" atv="-5" linkedscene="scene_xuedi" url='hotspot/textMesg.png' />
		<hotspot name="spt1" scale='1' style="hotspot_ani_black" ath='-88.000' atv='0' linkedscene='scene_room2'/>
		<hotspot name="s" scale='1' style='new_spotd11_gif' ath="-60" atv="-20" linkedscene="scene_xuedi"  />
		
	</scene>
	<action name='change2'>
		changeitem();
		activatespot(%1,0);
		activMapHotspot(%1);
	</action>
	<action name='changeitem'>
		set(layer[moveLayer].visible,false);
		set(layer[staticLayer].visible,false);
		tween(layer[mapcontainer].scale,0.4);
		set(layer[mapcontainer].visible,true);
		tween(layer[navItem].height,72px,0.3);
		tween(layer[index_button].scale,0,0.3);
		tween(layer[gyro_button].scale,0,0.3);
		tween(layer[vr_button].scale,0,0.3);
		tween(layer[auto_button1].scale,0,0.3);
		tween(layer[phone_button].scale,0,0.3);
		tween(layer[music_button].y,12%,0.3);
		tween(layer[auto_button].y,53%,0.3);
	</action>
	<scene name="scene_room2" title="room2" onstart="change2(mapSpot2);" thumburl="panos/room2.tiles/thumb.jpg" lat="" lng="" heading="">

		<!-- <view hlookat="0.0" vlookat="0.0" fovtype="MFOV" fov="120" maxpixelzoom="2.0" fovmin="70" fovmax="140" limitview="auto" /> -->
	
		

		<preview url="panos/room2.tiles/preview.jpg" />

		<image>
			<cube url="panos/room2.tiles/pano_%s.jpg" />
		</image>
		<hotspot name='spot2' style='skin_hotspotstyle' ath='0' atv='16' linkedscene='scene_timg' />

		<view hlookat="-76.585" vlookat="4.335" fovtype="MFOV" fov="120.000" maxpixelzoom="2.0" fovmin="70" fovmax="140" limitview="auto" />

	</scene>

	<scene name="scene_timg" title="timg" onstart="change2(mapSpot3);" thumburl="panos/timg.tiles/thumb.jpg" lat="" lng="" heading="">

		<view hlookat="0.0" vlookat="0.0" fovtype="MFOV" fov="120" maxpixelzoom="2.0" fovmin="70" fovmax="140" limitview="auto" />

		<preview url="panos/timg.tiles/preview.jpg" />

		<image>
			<cube url="panos/timg.tiles/pano_%s.jpg" />
		</image>
		<hotspot name="spot4" style="skin_hotspotstyle" ath="6.818" atv="3.834" linkedscene="scene_xuedi" />

	</scene>

	<scene name="scene_xuedi" title="xuedi" onstart="change2(mapSpot4);" thumburl="panos/xuedi.tiles/thumb.jpg" lat="" lng="" heading="">

		<view hlookat="0.0" vlookat="0.0" fovtype="MFOV" fov="120" maxpixelzoom="2.0" fovmin="70" fovmax="140" limitview="auto" />

		<preview url="panos/xuedi.tiles/preview.jpg" />

		<image>
			<cube url="panos/xuedi.tiles/pano_%s.jpg" />
		</image>
	
		
	</scene>
	<!-- pinpaipian_2833/index.html?param=main,0&timestamp=20200827171436&shareid=73b731d0 -->
	<!-- https://infishow.ideamake.cn/icp/wankezhongqingtiandi_11245/pinpaipian_2833/images/200430212813f7rgi.mp4?timestamp=1591944796651 -->
	<scene name="videopano" onstart="changeitem();set(layer[mapcontainer].visible,false);" isvideopano="true" thumburl="%CURRENTXML%/video-1024x512-poster.jpg" title="全景视频">
		<!-- include the videoplayer plugin -->
		<plugin name="video"
		        url.html5="%SWFPATH%/plugins/videoplayer.js"
		        url.flash="%SWFPATH%/plugins/videoplayer.swf"
		        pausedonstart="true"
		        loop="true"
		        volume="1.0"
		        posterurl.ios="%CURRENTXML%/video-1024x512-poster.jpg"
				videourl.ios="%CURRENTXML%/video-1024x512.mp4|%CURRENTXML%/video-1024x512.webm|%CURRENTXML%/iphone-audio.m4a"
				posterurl.no-ios="%CURRENTXML%/video-1920x960-poster.jpg"
				videourl.no-ios="%CURRENTXML%/video-1920x960.mp4|%CURRENTXML%/video-1920x960.webm|%CURRENTXML%/iphone-audio.m4a"
				onvideoready="skin_showloading(false);"
		        />
 
		<!-- use the videoplayer plugin as panoramic image source -->
		<image>
			<sphere url="plugin:video" />
		</image>
 
		<!-- set the default view -->
		<view hlookat="0" vlookat="0" fovtype="DFOV" fov="130" fovmin="75" fovmax="150" distortion="0.0" />
	</scene>


	<scene name="fangbee"  thumburl="skin/banner.png" title="小黄蜂">
		<include url="skin/linkpage.xml" />
		<layer   name="iframelayer"
				type="container"
				width="100%"
				height="100%"
				align="center"
				zorder="10" 
				bgcolor="0xffffff"
				bgalpha="1"
				visible="false"
				onloaded="iframe_embed(iframesrc,iframelayer,'https://www.fangbee.cn/special');"
				>
		</layer> 
	</scene>

	<scene name="lookroom"  thumburl="skin/0x300a0a0.jpg" title="预约看房">
		<include url="skin/linkpage.xml" />
		<layer   name="iframelayer"
				type="container"
				width="100%"
				height="100%"
				align="center"
				zorder="10" 
				bgcolor="0xffffff"
				bgalpha="1"
				visible="false"  
				onloaded="iframe_embed(iframesrc,iframelayer,'https://infishow.ideamake.cn/icp/wankezhongqingtiandi_11245/yuyuekanfang_20200525122849/index.html');"
				>
		</layer> 
	</scene>

</krpano>
