<krpano>
    <!-- 展开全部导航 -->
	<action name='openNav'>
		<!-- switch(crop,0|0|64|64,64|0|64|64); 
		switch(y,6%,4%);
		switch(layer[navItem].height,144px,252px);
		switch(layer[gyro_button].scale,0,0.4);
		switch(layer[auto_button1].scale,0,0.4);
		switch(layer[vr_button].scale,0,0.4);
		switch(layer[music_button].y,30%,60%);
		switch(layer[auto_button].y,53%,74%);
		switch(layer[phone_button].y,72%,86%); -->
		<!-- 改变图片位置 -->
		set(crop,0|0|64|64);
		tween(layer[navItem].height,252px,0.3);
		tween(y,4%,0.3);
		tween(layer[gyro_button].scale,0.4,0.3);
		tween(layer[auto_button1].scale,0.4,0.3);
		tween(layer[vr_button].scale,0.4,0.3);
		tween(layer[music_button].y,57%,0.3);
		tween(layer[auto_button].y,72%,0.3);
		tween(layer[phone_button].y,85%,0.3);
		<!-- 改变单击事件 -->
		set(onclick,closeNav)
	</action>
	<!-- 收缩导航 -->
	<action name='closeNav'>
		<!-- 改变图片位置 -->
		set(crop,64|0|64|64);
		<!-- 动态改变其他元素 -->
		tween(layer[navItem].height,144px,0.3);
		tween(y,6%,0.3);
		tween(layer[gyro_button].scale,0,0.3);
		tween(layer[auto_button1].scale,0,0.3);
		tween(layer[vr_button].scale,0,0.3);
		tween(layer[music_button].y,30%,0.3);
		tween(layer[auto_button].y,53%,0.3);
		tween(layer[phone_button].y,76%,0.3);
		<!-- 改变单机事件 -->
		set(onclick,openNav)
	</action>
	<!-- 自定义导航栏 -->
	<layer
		name="navItem" 
		type="container" 	
		x="2%" 
		y="28%"
		y.mobile='40%'
		width="36px;"
		height="144px"
		visible="true" 
		bgalpha="0.7" 
		align="topright"
		bgroundedge="18"
		scalechildren="true"
		scale="0.9"
		keep='true'
		zorder="60"
		bgcapture='true'
		>
		<!-- switch(y,6%,4%); switch(layer[navItem].height,144px,252px);  	if(get(layer[navItem].height)==144px, tween(y, 144px,252px),tween(y, 144px,252px)) -->
		<layer name="index_button" scale="0.4" background='#000' x='0' y='6%' url='index.png' keep='true' align='top' display='block'  crop="64|0|64|64" onclick="openNav()" />
		<layer name="gyro_button" scale="0" background='#000' x='0' y='17%' url='switch-gravity.png' keep='true' align='top' display='block'  crop="64|0|64|64" onclick="switch(crop,64|0|64|64,0|0|64|64);switch(plugin[skin_gyro].enabled,true,false)"  />
		<layer name="auto_button1" scale="0" background='#000' x='0' y='32%' url='button-gps-action.png' keep='true' align='top' display='block' crop="0|0|64|64" 
		onclick="openurl('https://surl.amap.com/8GmE9sXIcem',_blank)"  />
		<layer name="vr_button" scale="0" background='#000' x='0' y='45%' url='button-vr.png' keep='true' align='top' display='block' crop="0|0|64|64" onclick="webvr.enterVR();"  />
		<layer name="music_button" scale="0.4" background='#000' x='0' y='30%' url='switch-music-action.png' keep='true' align='top' display='block'  crop="0|0|64|64" onclick="pausesoundtoggle(bgsnd);switch(crop,76|2|64|64,0|0|64|64);"  />
		<layer name="auto_button" scale="0.4" background='#000' x='0' y='53%' url='switch-autoplay.png' keep='true' align='top' display='block' crop="0|0|64|64" onclick="switch(autorotate.enabled);switch(crop,61|0|64|64,0|0|64|64);"  />
		<layer name="phone_button" scale="0.4" background='#000' x='0' y='72%' url='phone_button.png' keep='true' align='top' display='block' crop="0|0|64|64" onclick="openurl('tel:18479296648',_self);"  />
	</layer>

	<!-- 文本图片导航样式 -->
	<style 
		name='defaulttextCss'
		css='
			display:block
			font-size: 12px;
			color: #fff;
			text-align: center;
			transform: scale(0.84);
		'
		align='bottom'
		url="%SWFPATH%/plugins/textfield.swf"
	></style>
	<!-- 自定义文本导航样式 -->
	<!-- 打开导航 -->
	<action name='openproject'>
		set(crop,0|0|64|64);
		tween(x,10px,0.3);
		set(scale,0.4);

		tween(layer[quwei_button].alpha,1,0.3);
		tween(layer[location_button].alpha,1,0.3);
		tween(layer[room_button].alpha,1,0.3);
		tween(layer[video_button].alpha,1,0.3);
		tween(layer[lookroom_button].alpha,1,0.3);
		set(layer[quwei_button].enabled,true);
		set(layer[location_button].enabled,true);
		set(layer[room_button].enabled,true);
		set(layer[video_button].enabled,true);
		set(layer[lookroom_button].enabled,true);


		tween(layer[projectItem].width,380px,0.3);
		set(onclick,closeproject);
	</action>
	<!-- 收起导航 -->
	<action name='closeproject'>
		set(crop,64|0|64|64);
		tween(x,7px,0.3);
		set(scale,0.5);

		tween(layer[quwei_button].alpha,0,0.3);
		tween(layer[location_button].alpha,0,0.3);
		tween(layer[room_button].alpha,0,0.3);
		tween(layer[video_button].alpha,0,0.3);
		tween(layer[lookroom_button].alpha,0,0.3);
		set(layer[quwei_button].enabled,false);
		set(layer[location_button].enabled,false);
		set(layer[room_button].enabled,false);
		set(layer[video_button].enabled,false);
		set(layer[lookroom_button].enabled,false);

		tween(layer[projectItem].width,46px,0.3);
		set(onclick,openproject);
	</action>
	<!-- 选中事件 -->
	<action name='setcolor'>
		<!-- 对之前改变的值进行还原 -->
		set(layer[get(skin_settings.prevName1)].crop,64|0|64|64);
		set(layer[get(skin_settings.prevName2)].css,get(skin_settings.defaultcolorstyle));
		<!-- 对选中的例子进行改变 -->
		set(layer[%1].crop,0|0|64|64);
		set(layer[%2].css,'
				display:block
   				font-size: 12px;
				color: rgba(195, 156, 124, 1);
    			text-align: center;
				transform: scale(0.84);
			');
		<!-- 保存改变后的两个名字 -->
		set(skin_settings.prevName1,%1);
		set(skin_settings.prevName2,%2);

	</action>
	<!-- 自定义文本图片导航导航栏 -->
	<layer
		name="projectItem" 
		type="container" 	
		x="10px" 
		y="3%"
		width="380px;"
		height="46px"
		visible="true" 
		bgalpha="0.7" 
		align="bottomleft"
		bgroundedge="23"
		scalechildren="true"
		scale="0.9"
		keep='true'
		zorder="60"
		bgcapture='true'>
		<layer name="left_button" scale="0.4"  x='10px'  url='goleft.png' keep='true' align='left' display='block'  crop="0|0|64|64" onclick="closeproject()" />
		<layer name="quwei_button" type="container"  x='71%' keep='true' width="64px;" height="40px" align='right' display='block'>
			<layer name="quwei_img" scale="0.4"  onclick="setcolor('quwei_img','quwei_text');loadscene(scene_room1, null, MERGE, BLEND(0.5))"  url='quwei.png' keep='true' align='top' display='block'  crop="0|0|64|64" />
			<layer name="quwei_text"
			css='
				display:block
   				font-size: 12px;
				color:rgba(195, 156, 124, 1);
    			text-align: center;
				transform: scale(0.84);
			'
			html="[div]区位价值[/div]" 
			scale="1"
			align='bottom'
			url="%SWFPATH%/plugins/textfield.swf"
			onclick="setcolor('quwei_img','quwei_text');loadscene(scene_room1, null, MERGE, BLEND(0.5))"
			zorder="61"
			bgroundedge='7'
			bgcapture='true'
			background='transparent'
			/>
		</layer>
		<layer name="location_button" type="container"  x='54%' keep='true' width="64px;" height="40px" align='right' display='block'>
			<layer name="location_img" scale="0.4" onclick="setcolor('location_img','location_text'); loadscene(scene_room2, null, MERGE, BLEND(0.5))"  url='location.png' keep='true' align='top' display='block'  crop="64|0|64|64" />
			<layer name="location_text"
			style='defaulttextCss'
			html="[div]项目价值[/div]" 
			onclick="setcolor('location_img','location_text'); loadscene(scene_room2, null, MERGE, BLEND(0.5))"
			scale="1"
			zorder="61"
			bgroundedge='7'
			bgcapture='true'
			background='transparent'
			/>
		</layer>
		<layer name="room_button" type="container"  x='37%' keep='true' width="64px;" height="40px" align='right' display='block'>
			<layer name="room_img" scale="0.4" onclick="setcolor('room_img','room_text'); loadscene(fangbee, null, MERGE, BLEND(0.5))"  url='roomtype.png' keep='true' align='top' display='block'  crop="64|0|64|64"  />
			<layer name="room_text"
			style='defaulttextCss'
			html="[div]户型鉴赏[/div]" 
			onclick="setcolor('room_img','room_text'); loadscene(fangbee, null, MERGE, BLEND(0.5))"
			scale="1"
			zorder="61"
			bgroundedge='7'
			bgcapture='true'
			background='transparent'
			/>
		</layer>
		<layer name="video_button" type="container"  x='20%' keep='true' width="64px;" height="40px" align='right' display='block'>
			<layer name="video_img" scale="0.4" onclick="setcolor('video_img','video_text'); loadscene(videopano, null, MERGE, BLEND(0.5))"  url='video.png' keep='true' align='top' display='block'  crop="64|0|64|64"  />
			<layer name="video_text"
			style='defaulttextCss'
			html="[div]全景视频[/div]"
			onclick="setcolor('video_img','video_text'); loadscene(videopano, null, MERGE, BLEND(0.5))"
			scale="1"
			zorder="61"
			bgroundedge='7'
			bgcapture='true'
			background='transparent'
			/>
		</layer>
		<layer name="lookroom_button" type="container"  x='3%' keep='true' width="64px;" height="40px" align='right' display='block'>
			<layer name="lookroom_img" scale="0.4" onclick="setcolor('lookroom_img','lookroom_text'); loadscene(lookroom, null, MERGE, BLEND(0.5))"   url='lookroom.png' keep='true' align='top' display='block'  crop="64|0|64|64"  />
			<layer name="lookroom_text"
			style='defaulttextCss'
			html="[div]预约看房[/div]" 
			onclick="setcolor('lookroom_img','lookroom_text'); loadscene(lookroom, null, MERGE, BLEND(0.5))" 
			scale="1"
			bgroundedge='7'
			bgcapture='true'
			background='transparent'
			/>
		</layer>
	</layer>


</krpano>