<krpano>
        <!-- 外链其他网页 -->
        <!-- <layer   name="iframelayer"
				type="container"
				width="100%"
				height="100%"
				align="center"
				zorder="10" 
				bgcolor="0xffffff"
				bgalpha="1"
				visible="false"                                外部网页链接
				onloaded="iframe_embed(iframesrc,iframelayer,'https://www.fangbee.cn/special');"
				>
		</layer>  -->
		<!-- use drag2d control, because mouse-releases OVER the iframe can't be detected -->
		<control mousetype="drag2d" />
		

		<style name="buttonstyle"  keep="true" url="%SWFPATH%/plugins/textfield.swf" children="false" enabled="true" align="bottom" y="50"  width="200" height="36" vcenter="true"
		           border="false" background="true"  backgroundcolor="0x000000" backgroundalpha="0.7" roundedge="5"
			       css="text-align:center; color:#FFFFFF; font-family:Arial; font-weight:bold; font-size:18px;" zorder="1" 
			        onout="set(shadow,0);if(layer[bar].state != name,stoptween(layer[bar].x);tween(layer[bar].x,get(layer[get(layer[bar].state)].x),0.5))" 			        
			        />	

		<action name="iframe_embed">
		    removelayer(%1);
		    addlayer(%1);
		    set(layer[%1].parent, %2);
		    set(layer[%1].align, lefttop);
		    set(layer[%1].width, 100%);
		    set(layer[%1].height, 100%);

		    if(device.html5,
		        txtadd(iframecode, '[div style="position:absolute; right:0; bottom:0; left:0; top:0; overflow-y: scroll; -webkit-overflow-scrolling:touch;"][iframe  id="krpano_iframe_',%1,'" width="100%" height="100%" src="',%3,'" frameborder="0" allow-same-origin allowfullscreen][/iframe][/div]');
		        copy(layer[%1].html, iframecode);
		        set(layer[%1].padding, 0);
		        set(layer[%1].url, 'textfield.swf');
		        set(layer[%1].interactivecontent, true);
		        set(layer[%1].onloaded, iframe_resize(%1); );
		        set(layer[%2].visible,true);
		    ,
		        showlog();
		        trace(error,'iframe无法在Flash下运行!');
		    );
		</action>

		<action name="iframe_resize" type="Javascript" devices="html5"><![CDATA[
		    document.querySelector("#krpano_iframe_"+args[1]).parentNode.style.height="100%";
		]]></action>
	        	
</krpano>