<krpano>

<!-- 自定义缩列图 -->

<!-- 收起 -->
<action name='shrinkpano'>
    set(layer[thumb1].enabled,false);
    set(layer[thumb2].enabled,false);
    set(layer[thumb3].enabled,false);
    set(layer[thumb4].enabled,false);

    tween(layer[thumb1].alpha,0,0.3);
    tween(layer[thumb2].alpha,0,0.3);
    tween(layer[thumb3].alpha,0,0.3);
    tween(layer[thumb4].alpha,0,0.3);

    tween(layer[thumbs].width,33,0.3);
    <!-- set(rotate,180); -->
    tween(x,6,0.3);
    set(crop,64|0|64|64);
    set(onclick,openpano())
</action>

<!-- 打开 -->
<action name='openpano'>
        set(layer[thumb1].enabled,true);
    set(layer[thumb2].enabled,true);
    set(layer[thumb3].enabled,true);
    set(layer[thumb4].enabled,true);

    tween(layer[thumb1].alpha,1,0.3);
    tween(layer[thumb2].alpha,1,0.3);
    tween(layer[thumb3].alpha,1,0.3);
    tween(layer[thumb4].alpha,1,0.3);
    tween(layer[thumbs].width,340px,0.3);
    tween(x,4%,0.3);
    <!-- set(rotate,0); -->

    set(crop,0|0|64|64);
    
    set(onclick,shrinkpano())
</action>

<!-- 选中 -->
<action name='changeselect'>
    <!-- 对之前改变的值进行还原 -->
    subtxt(layer[get(skin_settings.prevpano1)].css,layer[get(skin_settings.prevpano1)].css, 0, 372);
    subtxt(layer[get(skin_settings.prevpano2)].css,layer[get(skin_settings.prevpano2)].css, 0, 136);

	<!-- 对选中的例子进行改变 -->
    txtadd(layer[%1].css,'border:1px solid rgba(255,255,255,1);');
    txtadd(layer[%2].css,'color: #fff;');
    <!-- 保存改变后的两个名字 -->
    set(skin_settings.prevpano1,%1);
    set(skin_settings.prevpano2,%2);
</action>

<layer name='thumbs' keep='true' type='container' align='leftbutton' y='30%' width='340px' height='64' bgcolor='0x000000' bgalpha='0.5' bgroundedge="0 33 33 0" >
        <layer name="thumb1" type="container" x='3%' keep='true' width="64"  height='64'  align='left' edge='left' display='block'>
			<layer name="thumb1_img" scale="1" width="64"  height='55' 
                onclick='changeselect(thumb1_img,thumb1img_text); loadscene(scene_room1, null, MERGE, BLEND(0.5));'
                url="%SWFPATH%/plugins/textfield.swf" 
                css='
                width:64px;  
                height:55px;
                display:block;
                padding:1px;
                margin:0;
                box-sizing:border-box;
                background-image: url("../panos/room1.tiles/room1.jpg");
                background-size: 100% 100%;
                border:1px solid rgba(167,130,101,1);
                border:1px solid rgba(255,255,255,1);
                '
                html="[div][/div]"
                keep='true'
                align='center' display='block'   />
			<layer name="thumb1img_text"
                css='
                    font-size: 12px;
                    color:rgba(200, 200, 200, 1);
                    transform: scale(0.84);
                    color: #fff;
                    '
                align='bottom'
                url="%SWFPATH%/plugins/textfield.swf"
                html="[div]room1[/div]" 
                onclick='changeselect(thumb1_img,thumb1img_text); loadscene(scene_room1, null, MERGE, BLEND(0.5));'
                bgroundedge='7'
                bgcapture='true'
                background='transparent'
                display='block' 
			    />
		</layer>

        <layer name="thumb2" type="container" x='24%' keep='true' width="64"  height='64'  align='left' edge='left'  display='block'>
			<layer name="thumb2_img" scale="1" width="64"  height='55' 
                onclick='changeselect(thumb2_img,thumb2img_text); loadscene(scene_room2, null, MERGE, BLEND(0.5));'
                url="%SWFPATH%/plugins/textfield.swf" 
                css='
                width:64px;  
                height:55px;
                display:block;
                padding:1px;
                margin:0;
                box-sizing:border-box;
                background-image: url("../panos/room2.tiles/room2.jpg");
                background-size: 100% 100%;
                border:1px solid rgba(167,130,101,1);
                '
                html="[div][/div]"
                keep='true'
                align='center' display='block'   />
			<layer name="thumb2img_text"
                css='
                font-size: 12px;
                color:rgba(200, 200, 200, 1);
                transform: scale(0.84);
                '
                align='bottom'
                url="%SWFPATH%/plugins/textfield.swf"
                html="[div]room2[/div]" 
                onclick='changeselect(thumb2_img,thumb2img_text); loadscene(scene_room2, null, MERGE, BLEND(0.5));'
                bgroundedge='7'
                bgcapture='true'
                background='transparent'
                display='block' 
			/>
		</layer>

        <layer name="thumb3" type="container" x='45%' keep='true' width="64"  height='64'  align='left' edge='left'  display='block'>
			<layer name="thumb3_img" scale="1" width="64"  height='55' 
                onclick='changeselect(thumb3_img,thumb3img_text); loadscene(scene_timg, null, MERGE, BLEND(0.5));'
                url="%SWFPATH%/plugins/textfield.swf" 
                css='
                width:64px;  
                height:55px;
                display:block;
                padding:1px ;
                margin:0 ;
                box-sizing:border-box;
                background-image: url("../panos/timg.tiles/timg.jpg" );
                background-size: 100% 100%;
                border:1px solid rgba(167,130,101,1);
                '
                html="[div][/div]"
                keep='true'
                align='center' display='block'   />
			<layer name="thumb3img_text"
                css='
                font-size: 12px;
                color:rgba(200, 200, 200, 1);
                transform: scale(0.84);
                '
                align='bottom'
                url="%SWFPATH%/plugins/textfield.swf"
                html="[div]room3[/div]" 
                onclick='changeselect(thumb3_img,thumb3img_text); loadscene(scene_timg, null, MERGE, BLEND(0.5));'
                bgroundedge='7'
                bgcapture='true'
                background='transparent'
                display='block' 
			    />
		</layer>

        <layer name="thumb4" type="container" x='66%' keep='true' width="64"  height='64'  align='left' edge='left'  display='block'>
			<layer name="thumb4_img" scale="1" width="64"  height='55' 
                onclick='changeselect(thumb4_img,thumb4img_text); loadscene(scene_xuedi, null, MERGE, BLEND(0.5));'
                url="%SWFPATH%/plugins/textfield.swf" 
                css='
                width:64px;  
                height:55px;
                display:block;
                padding:1px;
                margin:0;
                box-sizing:border-box;
                background-image: url("../panos/xuedi.tiles/xuedi.jpg");
                background-size: 100% 100%;
                border:1px solid rgba(167,130,101,1);
                '
                html="[div][/div]"
                keep='true'
                align='center' display='block'   />
			<layer name="thumb4img_text"
                css='
                font-size: 12px;
                color:rgba(200, 200, 200, 1);
                transform: scale(0.84);
                '
                align='bottom'
                url="%SWFPATH%/plugins/textfield.swf"
                html="[div]room4[/div]" 
                onclick='changeselect(thumb4_img,thumb4img_text); loadscene(scene_xuedi, null, MERGE, BLEND(0.5));'
                bgroundedge='7'
                bgcapture='true'
                background='transparent'
                display='block' 
			    />
		</layer>
        <!-- <layer name='thumb1' url='%SWFPATH%/panos/room1.tiles/room1.jpg'
                align='left' edge='left' x='3%' onclick='hit(); loadscene(scene_room1, null, MERGE, BLEND(0.5));'
                width='64' height='64'>
        </layer>     -->
        <!-- <layer name='thumb2' url='%SWFPATH%/panos/room2.tiles/room2.jpg'
                align='left' edge='left' x='24%' onclick='hit(); loadscene(scene_room2, null, MERGE, BLEND(0.5));'
                width='64' height='64'>
        </layer>
        <layer name='thumb3' url='%SWFPATH%/panos/timg.tiles/timg.jpg'
                align='left' edge='left' x='45%' onclick='hit(); loadscene(scene_timg, null, MERGE, BLEND(0.5));'
                width='64' height='64'>
        </layer>
        <layer name='thumb4' url='%SWFPATH%/panos/xuedi.tiles/xuedi.jpg'
                align='left' edge='left' x='66%' onclick='hit(); loadscene(scene_xuedi, null, MERGE, BLEND(0.5));'
                width='64' height='64'>
        </layer> -->
        <layer name="panoLeft" scale="0.4" x='4%'  url='leftright.png' keep='true' align='right' display='block'  crop="0|0|64|64" onclick="shrinkpano" />
</layer>


</krpano>